Protein,p_value,q_value,fold_change
sp|P07170|KAD2_YEAST,0.48024875582676707,1.0,0.1335253983804471
sp|P04050|RPB1_YEAST,0.013828239094188352,1.0,-0.21860943846223016
sp|P21147|ACO1_YEAST,0.15469208628705164,1.0,0.22579431619733814
sp|P32324|EF2_YEAST,0.15226402506276213,1.0,-0.07551742019856279
sp|P53849|GIS2_YEAST,0.10693434334496178,1.0,0.5243939796279076
sp|P47075|VTC4_YEAST,0.9908047487626424,1.0,-0.6871912986830941
sp|P23301|IF5A1_YEAST,0.7779388730088004,1.0,-0.09240170067149063
sp|P17255|VATA_YEAST,0.3185703242964503,1.0,0.06680684912570385
sp|P40024|ARB1_YEAST,0.5207946355610871,1.0,-0.2923562237834541
sp|P19882|HSP60_YEAST,0.07554883565937731,1.0,0.039357908531483604
sp|Q00955|ACAC_YEAST,0.005881263307669974,0.6913981219089065,-0.18437342773143225
sp|P15624|SYFB_YEAST,0.08662414863010645,1.0,0.16007876681965624
sp|P00445|SODC_YEAST,0.664506002783386,1.0,-0.9142675782512113
sp|P38249|EIF3A_YEAST,0.1353234814908263,1.0,0.08537093668190478
sp|P38708|YHI0_YEAST,0.42123768813446877,1.0,0.15299996299018084
O00762ups|UBE2C_HUMAN_UPS,5.613127566060249e-05,0.014697243297374929,3.256286718834301
sp|P39730|IF2P_YEAST,0.7051860823522559,1.0,-0.011478016084752391
sp|Q04894|ADH6_YEAST,0.42256707293315066,1.0,0.021295036495114772
sp|P06208|LEU1_YEAST,0.00697793773839969,0.7729962704052749,0.424928037471109
sp|P50085|PHB2_YEAST,0.0031656492108014965,0.4447670277420787,1.180233365091218
sp|P38720|6PGD1_YEAST,0.09522853755667564,1.0,0.12118494934663254
sp|P53261|PESC_YEAST,0.4914604252642515,1.0,-0.06496403515892957
P10145ups|IL8_HUMAN_UPS,4.842974159645892e-05,0.013948766625464702,4.1142239689940965
sp|P38793|TRM5_YEAST,0.7460090602536416,1.0,-0.6977230621176753
sp|P02994|EF1A_YEAST,0.09339399580663105,1.0,0.20680622731040832
sp|P07284|SYSC_YEAST,0.4201827539553257,1.0,-0.12172688927466907
sp|P04802|SYDC_YEAST,0.2377531704654268,1.0,0.09943436202707046
sp|P54838|DAK1_YEAST,0.023133769570226823,1.0,0.46511951189274175
sp|P52910|ACS2_YEAST,0.07087941843555774,1.0,0.15978665285979382
sp|P07244|PUR2_YEAST,0.7094817585241958,1.0,-0.33838600437257
sp|P38972|PUR4_YEAST,0.1790439739345815,1.0,-0.169921103895065
sp|Q12118|SGT2_YEAST,0.9722472749743486,1.0,-0.4086686062796709
sp|Q12402|YOP1_YEAST,0.1807459336192156,1.0,-0.13081689796186544
sp|P22515|UBA1_YEAST,0.4851182569475928,1.0,-0.2007140324455739
sp|P41810|COPB_YEAST,0.830711445772741,1.0,-0.2822475268657998
sp|P08518|RPB2_YEAST,0.9368422538212283,1.0,-0.5775331387829596
sp|P38845|CRP1_YEAST,0.6459407691273686,1.0,-0.1766791240510391
sp|P40202|CCS1_YEAST,0.48030957223238224,1.0,-0.07811171748691903
sp|P54115|ALDH6_YEAST,0.6720842558647669,1.0,-0.08700937962667585
Q06830ups|PRDX1_HUMAN_UPS,5.961773687396547e-06,0.004494792444736492,4.6353448868200955
sp|P15019|TAL1_YEAST,0.5161936726081697,1.0,-0.16197799852984715
sp|P06168|ILV5_YEAST,0.09627636377818403,1.0,-0.09031510782874115
sp|P41338|THIL_YEAST,0.0846199374146756,1.0,0.025142499139562742
sp|P38999|LYS9_YEAST,0.9414557811297893,1.0,-0.5060691667889994
sp|Q05946|UTP13_YEAST,0.9848375459148478,1.0,-0.13921103583666294
sp|Q12074|SPEE_YEAST,0.7678582020605406,1.0,0.11225328028455728
sp|P12612|TCPA_YEAST,0.11135558378636443,1.0,0.27213069291363157
sp|P18562|UPP_YEAST,0.8641084802596952,1.0,0.06087548179558695
sp|Q05022|RRP5_YEAST,0.4214889227151971,1.0,-0.041745006266626916
sp|P10964|RPA1_YEAST,0.6138309664742183,1.0,-0.22287365721105287
sp|P36013|MAOM_YEAST,0.9672505428626343,1.0,-0.8939909924938387
sp|P24783|DBP2_YEAST,0.2397332871739266,1.0,0.12179466907238723
sp|Q07478|SUB2_YEAST,0.07095888822511089,1.0,0.47783886826335914
sp|P32288|GLNA_YEAST,0.41979325017812036,1.0,-0.40966455744087554
sp|P13188|SYQ_YEAST,0.5058042571485473,1.0,-0.05905883900985524
sp|P08524|FPPS_YEAST,0.5749414917795388,1.0,-0.39460051336634044
sp|P32449|AROG_YEAST,0.4339441809118058,1.0,-0.4692114608821483
sp|P31539|HS104_YEAST,0.4733322808117759,1.0,-0.5376885861973265
sp|P07251|ATPA_YEAST,0.5324543500712696,1.0,-0.2673274280157742
sp|P34223|UBX1_YEAST,0.9930563755631172,1.0,-0.6615370792504915
sp|Q08972|NEW1_YEAST,0.09529528688351635,1.0,-0.2201430106821359
P12081ups|SYHC_HUMAN_UPS,6.24231926659113e-06,0.004494792444736492,3.97546324986479
sp|P53912|YNN4_YEAST,0.9074208830454827,1.0,-0.5401032507842546
sp|Q04067|EIF3G_YEAST,0.06376346708445002,1.0,0.05699869766015819
sp|P32264|PROB_YEAST,0.5454333596943044,1.0,0.179077335884811
sp|P04147|PABP_YEAST,0.21258667311617654,1.0,0.03194117227158126
sp|P40302|PSA6_YEAST,0.8168205985815056,1.0,0.06553612602739704
P10636-8ups|TAU_HUMAN_UPS,2.669932106212067e-07,0.001537991268494013,4.378744557859219
sp|P33442|RS3A1_YEAST,0.7709344532177811,1.0,0.061342212595635694
sp|Q02892|NOG1_YEAST,0.45679457379542954,1.0,-0.21107863689109685
sp|P39935|IF4F1_YEAST,0.06243742237405625,1.0,-0.0006605438929990343
sp|P00549|KPYK1_YEAST,0.5769018143189177,1.0,0.05552104636996244
sp|P07264|LEUC_YEAST,0.9133844596041047,1.0,-0.9334468052024094
sp|P27476|NSR1_YEAST,0.09035060453049472,1.0,0.11904790748915256
sp|P33322|CBF5_YEAST,0.2368395609207638,1.0,-0.10045161049278069
P08263ups|GSTA1_HUMAN_UPS,3.629187164876085e-06,0.004010682540795695,4.17070059232041
sp|P08417|FUMH_YEAST,0.09016399929675345,1.0,0.10312474019647304
sp|P32377|MVD1_YEAST,0.8669474950091458,1.0,0.08795422023157684
sp|P40422|RPAB4_YEAST,0.00391655136304932,0.512814117524739,0.8324555146226214
sp|P46655|SYEC_YEAST,0.174528220666776,1.0,0.20432205625450756
sp|P28007|GAR1_YEAST,0.8017055403211223,1.0,0.17516146981281366
sp|P32628|RAD23_YEAST,0.20865470901298933,1.0,-0.24214321959712284
sp|P08566|ARO1_YEAST,0.41436594593342657,1.0,-0.28553902306221857
sp|P29311|BMH1_YEAST,0.8588392465272411,1.0,-0.09614469006369337
sp|P04806|HXKA_YEAST,0.06251302338473376,1.0,0.032179010962234855
sp|P16474|BIP_YEAST,0.20919042667127172,1.0,-0.1007769801099456
sp|P53909|ADE_YEAST,0.13158654147521395,1.0,0.34118021598212955
sp|P40010|NUG1_YEAST,0.11563932444053178,1.0,-0.18823475406434262
sp|P47912|LCF4_YEAST,0.39557876154552435,1.0,-0.12169291351278773
sp|P51402|RL37B_YEAST,0.16321923272966873,1.0,-0.28495385972376813
sp|Q08245|ZEO1_YEAST,0.41806466986127194,1.0,0.0681802270234519
sp|P20051|PYRC_YEAST,0.0648397679064666,1.0,0.42070079889819834
sp|P02829|HSP82_YEAST,0.43549824908094525,1.0,0.36840167260207285
sp|Q12363|WTM1_YEAST,0.0077455928623713895,0.8262558689760562,0.22569629289760554
sp|P39676|FHP_YEAST,0.6586402795710364,1.0,0.026958885150684914
sp|P27692|SPT5_YEAST,0.6449362628257052,1.0,-0.008841224917461485
sp|P15108|HSC82_YEAST,0.005171348616569217,0.6475892581131523,0.4069758569610156
sp|P22146|GAS1_YEAST,0.805036433798116,1.0,-0.08037720134742088
sp|P07283|PMM_YEAST,0.5730584273107959,1.0,-0.3074915269066574
sp|P12709|G6PI_YEAST,0.32561276103268916,1.0,0.05816743669983329
sp|Q12230|LSP1_YEAST,0.7793326599312471,1.0,0.13829916221535044
sp|P39522|ILV3_YEAST,0.034547794685705166,1.0,0.37685078433576374
sp|Q12178|FCY1_YEAST,0.7209343731033705,1.0,-0.00952184488253375
sp|P21954|IDHP_YEAST,0.13582333371600483,1.0,-0.08087850466900015
sp|P39533|ACON2_YEAST,0.404603306049629,1.0,-0.2081502700966107
sp|P42941|SERB_YEAST,0.7917651854358227,1.0,-1.9105830820917218
sp|P09436|SYIC_YEAST,0.8726478909455303,1.0,-0.17165323648650704
sp|P14020|DPM1_YEAST,0.32943325123925327,1.0,-0.08788743619377541
sp|P31373|CYS3_YEAST,0.7209908845130913,1.0,0.08866621610159393
sp|P53141|MLC1_YEAST,0.2889203859056182,1.0,-0.4128667911945154
sp|P05030|PMA1_YEAST,0.08474951653616232,1.0,-0.13362074904923205
sp|Q01532|BLH1_YEAST,0.7273937419483358,1.0,-0.19068359597176965
sp|P40495|LYS12_YEAST,0.3569971753839436,1.0,-0.2789804052185705
sp|P25567|SRO9_YEAST,0.9213812401997443,1.0,-0.06553278350376424
sp|P32476|ERG1_YEAST,0.99440654028068,1.0,-1.3628647264555855
sp|P36049|EBP2_YEAST,0.593869697118534,1.0,-0.3232491182337209
sp|P37291|GLYC_YEAST,0.6629864235595779,1.0,-0.13207998546637256
P10599ups|THIO_HUMAN_UPS,1.0922153341413936e-05,0.004839701421379399,3.780227521602838
sp|P00830|ATPB_YEAST,0.24471643998146414,1.0,-0.24824757330919917
sp|Q03195|RLI1_YEAST,0.20256319546532153,1.0,0.2374140095846881
sp|P16861|PFKA1_YEAST,0.026593165068253155,1.0,0.19415267540110293
sp|P32074|COPG_YEAST,0.5100728459488147,1.0,0.0206048941619017
sp|P38011|GBLP_YEAST,0.0009665845232064427,0.15908361259653914,0.23032057391327967
sp|P07263|SYH_YEAST,0.4468076110405393,1.0,-0.20915528251459875
sp|P15454|KGUA_YEAST,0.29597655669730655,1.0,-0.02771872053665168
sp|P40825|SYA_YEAST,0.024851757932318707,1.0,0.12421136527510727
sp|P32589|HSP7F_YEAST,0.0028137571182479558,0.405210105292515,0.10874041705044815
sp|P26786|RS7A_YEAST,0.1738412577621476,1.0,-0.16914359052282038
sp|P22803|TRX2_YEAST,0.3414020453392082,1.0,-0.01212262511609108
sp|P16862|PFKA2_YEAST,0.06534854252790069,1.0,-0.15320577374948488
sp|P05739|RL6B_YEAST,0.5487806100222199,1.0,0.0671601224249363
sp|Q12068|GRE2_YEAST,0.9962821653626137,1.0,-0.4925546644867567
sp|P37292|GLYM_YEAST,0.9079383149087883,1.0,-0.47839759427920187
sp|P49089|ASNS1_YEAST,0.9900001879810628,1.0,-0.37118654758059244
sp|Q07551|KAR_YEAST,0.9651158230256459,1.0,-0.6619410849319465
sp|P22203|VATE_YEAST,0.17287387626364042,1.0,0.21240662145288752
sp|P26321|RL5_YEAST,0.41458594156447653,1.0,-0.04330649680404264
sp|P53221|RL26B_YEAST,0.011600052757553068,1.0,0.802004246324703
sp|P15705|STI1_YEAST,0.970903892616782,1.0,-0.10742339647025098
sp|Q03940|RUVB1_YEAST,0.23121536712468244,1.0,0.04608198370004176
sp|Q00245|RHO3_YEAST,0.3291572650012123,1.0,-0.8531686769159273
P01375ups|TNFA_HUMAN_UPS,0.00019789804571406386,0.04249292520636159,4.072144602694514
sp|Q99258|RIB3_YEAST,0.8792247699934375,1.0,0.08014236126774558
sp|Q12189|RPIA_YEAST,0.24913307735289103,1.0,0.21878382020952855
sp|P00815|HIS2_YEAST,0.14351341376651736,1.0,-0.16893571860714812
sp|P34216|EDE1_YEAST,0.22732744253006326,1.0,0.2374735907954893
sp|P23641|MPCP_YEAST,0.23554013026623918,1.0,-0.0830721020778773
sp|P19097|FAS2_YEAST,0.22645394072510178,1.0,0.1280919580249784
sp|P32379|PSA5_YEAST,0.7692617680241798,1.0,0.11831054928880984
sp|P32499|NUP2_YEAST,0.22662352005047992,1.0,0.054222438173273754
sp|P35844|KES1_YEAST,0.914605684156143,1.0,-0.47945223042775637
sp|P06105|SC160_YEAST,0.14306686144735814,1.0,-0.06345510701818519
P04040ups|CATA_HUMAN_UPS,2.5725913875626553e-05,0.007799573634078326,3.9913001864894406
sp|P00817|IPYR_YEAST,0.49931594673353286,1.0,-0.02719792451040739
sp|P36136|SHB17_YEAST,0.6781176996424891,1.0,-0.1748734074655296
sp|P28274|URA7_YEAST,0.0440904344846665,1.0,-0.40170916716827637
P02787ups|TRFE_HUMAN_UPS,1.2453630398129132e-06,0.0023912686479692453,4.385381983479736
sp|P00931|TRP_YEAST,0.3400622057607273,1.0,-0.10584722663566204
sp|P06787|CALM_YEAST,0.4725727717915619,1.0,-0.287137128142075
sp|P22137|CLH_YEAST,0.1951079484626308,1.0,0.0017449547281618294
sp|P36008|EF1G2_YEAST,0.03328484937166792,1.0,0.2221857927989289
sp|P04840|VDAC1_YEAST,0.5643928286254642,1.0,-0.10063420221278543
sp|P21734|UBC1_YEAST,0.41707064918106485,1.0,0.2490737965112544
sp|P04456|RL25_YEAST,0.5886410808055078,1.0,-0.042216286733645345
sp|P32802|TMN1_YEAST,0.6555947416430021,1.0,0.18050910941657516
sp|P06169|PDC1_YEAST,0.17494417171092777,1.0,-0.1434620574044433
sp|P39729|RBG1_YEAST,0.027894586289791568,1.0,0.20457274334136066
sp|P41940|MPG1_YEAST,0.6666731586760295,1.0,-0.19918411160966168
sp|P07246|ADH3_YEAST,0.5632842337540587,1.0,-0.08670687407512859
sp|Q04062|RPN9_YEAST,0.684310322061046,1.0,-0.4741931130797514
sp|P53981|YNB0_YEAST,0.12118917310231864,1.0,-0.08369572826142739
sp|P16649|TUP1_YEAST,0.24215137990693647,1.0,0.012632056545961964
sp|P60010|ACT_YEAST,0.7458744154624652,1.0,-0.03929846123580459
sp|P07259|PYR1_YEAST,0.672679833603719,1.0,-0.05151005265400212
sp|Q12305|RDL1_YEAST,0.011092556772971792,1.0,0.9403398991368181
sp|P32599|FIMB_YEAST,0.8296295586828561,1.0,-0.5767407755308755
sp|P20449|DBP5_YEAST,0.06830683702775557,1.0,-0.023067993810389115
sp|P36015|YKT6_YEAST,0.4188158160188296,1.0,0.07124868380730298
P01031ups|CO5_HUMAN_UPS,5.3243638755593305e-05,0.014605017629371907,4.514371376894975
sp|P00560|PGK_YEAST,0.6150548573480766,1.0,-0.11598395219566485
sp|P46367|ALDH4_YEAST,0.7716893311155744,1.0,-0.2508812781911927
sp|P21576|VPS1_YEAST,0.8106577594792215,1.0,-0.19688386295934585
sp|P03965|CARB_YEAST,0.0679636981522593,1.0,0.3796187177059462
sp|Q12447|PAA1_YEAST,0.39760415464804616,1.0,-0.09903184901377138
sp|P11745|RNA1_YEAST,0.13044527929639868,1.0,0.39055642037932586
sp|P33399|LHP1_YEAST,0.08025169130808639,1.0,0.07070194070362419
sp|P09440|C1TM_YEAST,0.10797138398794222,1.0,0.008602011513696084
sp|Q06053|DUS3_YEAST,0.0009482435998016145,0.15908361259653914,2.0922739225045435
sp|P25694|CDC48_YEAST,0.5583738116349792,1.0,-0.12597541295074485
sp|P17505|MDHM_YEAST,0.20473000555657328,1.0,0.20020910021520355
sp|P41805|RL10_YEAST,0.8387085182306179,1.0,-0.1810017263095343
sp|P53334|SCW4_YEAST,0.17020896592088497,1.0,0.08263211400182513
sp|P16521|EF3A_YEAST,0.3385872391885484,1.0,-0.012997066440865557
sp|P10614|CP51_YEAST,0.07222566813839301,1.0,0.3331593954553953
sp|P14832|CYPH_YEAST,0.09865798981850772,1.0,0.12729067441180142
sp|P02992|EFTU_YEAST,0.19008407540400188,1.0,0.013029800732037744
sp|P05750|RS3_YEAST,0.1767114214851902,1.0,0.047619384548638996
sp|P14126|RL3_YEAST,0.2100707446819225,1.0,0.06742032211592246
sp|P38281|APD1_YEAST,0.8632732562969552,1.0,-0.46921123901404105
sp|P26785|RL16B_YEAST,0.7619207490669883,1.0,-0.5858832585386023
sp|P24280|SEC14_YEAST,0.8250026297734943,1.0,-0.07986813916377093
sp|P47089|DENR_YEAST,0.09004982748451294,1.0,0.45512530819682606
P00441ups|SODC_HUMAN_UPS,4.177494490191756e-06,0.004010682540795695,4.324867900322167
sp|P36010|NDK_YEAST,0.44227498340394333,1.0,0.014502435726356566
sp|Q12692|H2AZ_YEAST,0.3380174742070787,1.0,-0.06985024496854801
sp|Q05911|PUR8_YEAST,0.997351422254166,1.0,-0.32294323512510914
sp|P36160|RPF2_YEAST,0.32726880818381976,1.0,0.34558698343853084
sp|P05317|RLA0_YEAST,0.1742920631176175,1.0,0.23759975213282392
sp|P15646|FBRL_YEAST,0.28606584783113403,1.0,0.01079610887770821
sp|P32527|ZUO1_YEAST,0.3908783617765048,1.0,-0.06419043401050661
sp|P31382|PMT2_YEAST,0.5290597167817681,1.0,-0.06372261496668348
sp|P38682|GLO3_YEAST,0.4836047320313781,1.0,-0.10991538351935522
sp|P15625|SYFA_YEAST,0.3379216694110616,1.0,-0.3429111509052156
sp|P40217|EIF3I_YEAST,0.3038780779428688,1.0,-0.21727629270047308
sp|P37898|AAP1_YEAST,0.41936385713375,1.0,-0.034212801753271016
sp|P07149|FAS1_YEAST,0.24068363362131948,1.0,-0.05369148422902526
sp|P38912|IF1A_YEAST,0.2311827147594179,1.0,-0.09995895315051673
sp|P00360|G3P1_YEAST,0.4045531354850571,1.0,0.03199499314687415
sp|P06634|DED1_YEAST,0.9102557834276447,1.0,-0.1486276125371638
sp|P33331|NTF2_YEAST,0.05650910836218383,1.0,0.001364446768953087
sp|P32352|ERG2_YEAST,0.626347125467699,1.0,0.16244576264369215
sp|P05756|RS13_YEAST,0.09914417141919436,1.0,-0.01324018936062421
sp|P32791|FRE1_YEAST,0.9914913029901832,1.0,-0.49619632333497776
sp|P38219|OLA1_YEAST,0.13866070880230452,1.0,0.09815807104598437
sp|Q12460|NOP56_YEAST,0.25562292335428727,1.0,0.13175602353665852
sp|P39077|TCPG_YEAST,0.8388079457037064,1.0,-0.32088098696743683
sp|P32481|IF2G_YEAST,0.9540508673780843,1.0,-0.21913853375575545
sp|P32497|EIF3C_YEAST,0.1280777908879236,1.0,0.1758983075708369
sp|P32790|SLA1_YEAST,0.7721262346261223,1.0,-0.28889725526903715
sp|P48589|RS12_YEAST,0.9584020614447339,1.0,-0.06151521560986062
sp|P42943|TCPH_YEAST,0.7108148666782704,1.0,-0.5324509815500124
sp|P31116|DHOM_YEAST,0.9490485170433717,1.0,0.04014337080741104
sp|P26783|RS5_YEAST,0.8998907254889507,1.0,-0.7638361797358353
sp|P32263|P5CR_YEAST,0.6716776529328112,1.0,-0.03836540810595768
sp|Q04697|GSF2_YEAST,0.13739891526387565,1.0,-0.16668743322025334
sp|P40069|IMB4_YEAST,0.6680213860361239,1.0,0.18910531664807306
sp|P47068|BBC1_YEAST,0.9698268874900567,1.0,-0.8491239400763888
sp|P38879|NACA_YEAST,0.014645341394613353,1.0,0.39962972626866894
sp|P16140|VATB_YEAST,0.11830258267951622,1.0,0.16436495461230893
sp|P00924|ENO1_YEAST,0.44859572277451,1.0,0.0005619652281142843
sp|P00927|THDH_YEAST,0.28423489459132684,1.0,-0.07336094156796998
sp|Q04947|RTN1_YEAST,0.8579066011005106,1.0,-0.09962375226047016
sp|P36051|MCD4_YEAST,0.13313992179749162,1.0,0.023811501570080534
sp|P49723|RIR4_YEAST,0.3365930032143254,1.0,-0.11764083633659758
sp|P00950|PMG1_YEAST,0.10365615590297414,1.0,0.2367890644988148
sp|P00498|HIS1_YEAST,0.11741749449959937,1.0,0.5124421814116312
sp|P07245|C1TC_YEAST,0.4849363305893918,1.0,0.018232418219846707
sp|P30624|LCF1_YEAST,0.026221317958405422,1.0,0.3945600326291879
sp|P33330|SERC_YEAST,0.6104291249442779,1.0,-0.11208652058097535
sp|Q03532|HAS1_YEAST,0.7568610078130504,1.0,-0.3407219976316139
sp|P39015|STM1_YEAST,0.2488776759362831,1.0,-0.056440068774538714
sp|P07274|PROF_YEAST,0.5452205303501083,1.0,-0.5205980969741644
sp|P21524|RIR1_YEAST,0.7839727087240744,1.0,0.05029491712660317
sp|P25443|RS2_YEAST,0.05454894278792131,1.0,0.24951160782255968
sp|P43603|LSB3_YEAST,0.24558718321046497,1.0,-0.14931628951287657
sp|P14906|SEC63_YEAST,0.15580524373511154,1.0,-0.10239611206227917
sp|P29547|EF1G1_YEAST,0.006195620075243897,0.7137866582045949,0.3646840270982747
sp|P22138|RPA2_YEAST,0.05340391109842171,1.0,0.4915862643037592
sp|P40518|ARPC5_YEAST,0.8923909045901713,1.0,-0.6510423245877508
sp|P17536|TPM1_YEAST,0.9957561596297952,1.0,-0.7629036196428207
sp|P29453|RL8B_YEAST,0.7000461599178982,1.0,0.011035319876757654
P06732ups|KCRM_HUMAN_UPS,9.355972981775803e-07,0.0023912686479692453,4.401204351331334
sp|Q12458|YPR1_YEAST,0.838372487236081,1.0,-1.3104961903854582
sp|P40482|SEC24_YEAST,0.7921299735196794,1.0,-0.21711179401168296
sp|P39976|DLD3_YEAST,0.9711169256002672,1.0,-0.8244113158050265
sp|P45978|SCD6_YEAST,0.40956333247856885,1.0,-0.32317203012882567
sp|Q12207|NCE2_YEAST,0.4237025393891318,1.0,-0.12551291738299675
sp|P05453|ERF3_YEAST,0.5461369040240934,1.0,-0.055758639752003854
sp|P42842|EMW1_YEAST,0.7170402970575183,1.0,0.17580953826271895
sp|P47120|DOHH_YEAST,0.017852750980968557,1.0,-0.06337110344177661
sp|P32582|CBS_YEAST,0.8292379305605457,1.0,-0.2861739005171877
sp|P37303|GLY1_YEAST,0.6998022291409686,1.0,-0.7768130907508228
sp|P38787|PANE_YEAST,0.764567457315974,1.0,-0.7859826071974196
sp|P39105|PLB1_YEAST,0.27121943686057864,1.0,0.4822299123228655
sp|Q12314|SFM1_YEAST,0.2382333768059915,1.0,0.08965623443501514
sp|Q08971|YP225_YEAST,0.3728996192869988,1.0,-0.2639173150502412
sp|P04076|ARLY_YEAST,0.49618787877546544,1.0,-0.9507920985289543
sp|P22147|XRN1_YEAST,0.46189327164212335,1.0,-0.04146829637468292
sp|P39954|SAHH_YEAST,0.06350675496571136,1.0,0.09535020581952836
sp|P41911|GPD2_YEAST,0.5754090994510292,1.0,-0.6208903335332098
sp|P0CS90|HSP77_YEAST,0.4564296848958169,1.0,0.014098258563538916
sp|P04801|SYTC_YEAST,0.10931766483297388,1.0,-0.012627982644732286
sp|P16120|THRC_YEAST,0.06649468145759002,1.0,0.11184086912125776
P62937ups|PPIA_HUMAN_UPS,2.0420362805051143e-05,0.006919395974102993,3.9192279473979186
sp|P32386|YBT1_YEAST,0.03213228579184008,1.0,0.6802650373009442
sp|P38701|RS20_YEAST,0.8710261131793173,1.0,0.0080223355183342
sp|Q05506|SYRC_YEAST,0.7385405210137311,1.0,-0.3525204501429569
sp|P06103|EIF3B_YEAST,0.9526373036588917,1.0,-0.4432082203867501
sp|Q12464|RUVB2_YEAST,0.705550509538885,1.0,-0.44785397888532924
sp|P53834|HCH1_YEAST,0.7528149842964811,1.0,-0.07438242003523499
sp|P53914|NAT10_YEAST,0.46812156974881336,1.0,-0.11167868459680327
sp|P01120|RAS2_YEAST,0.4789276189418723,1.0,0.06011360615571526
sp|P38061|RL32_YEAST,0.0016972595224163522,0.2642409864393365,0.25997252205115984
sp|Q06106|MRD1_YEAST,0.33849589425971083,1.0,-0.26008083462463816
sp|Q08962|NIP7_YEAST,0.3183242986874235,1.0,0.20197691076165825
sp|P34167|IF4B_YEAST,0.10024093255352251,1.0,0.10405134984254939
sp|P25294|SIS1_YEAST,0.589034988348236,1.0,0.17153753389693213
sp|P48570|HOSC_YEAST,0.44274731288950486,1.0,-0.10068123528312611
sp|P13586|ATC1_YEAST,0.5566126587188278,1.0,0.2709201533531216
sp|Q06440|CORO_YEAST,0.6261828900084743,1.0,0.028789328715998153
sp|P38248|ECM33_YEAST,0.11775451774190952,1.0,0.3290625327847228
sp|P38688|SRP72_YEAST,0.862193017165701,1.0,-0.05573787609989145
sp|P33892|GCN1_YEAST,0.022178691486088704,1.0,0.17838303202293398
sp|P14120|RL30_YEAST,0.06564310814968756,1.0,0.09066588723080748
sp|Q01560|NOP3_YEAST,0.43035533735869497,1.0,-0.5245947173800994
sp|P32471|EF1B_YEAST,0.006398548674840426,0.7227114810751767,0.525180664933562
sp|P16387|ODPA_YEAST,0.8176249548826875,1.0,-0.6260748381411337
sp|P07702|LYS2_YEAST,0.9586636850964968,1.0,-1.0878180732935423
sp|P36421|SYYC_YEAST,0.5453428914730577,1.0,0.17111030624275259
sp|P10592|HSP72_YEAST,0.14284265660678508,1.0,-0.06956498695854155
sp|P38250|IST2_YEAST,0.27027326236302845,1.0,0.4067428965903617
P01127ups|PDGFB_HUMAN_UPS,3.4733461668330347e-06,0.004010682540795695,5.124364679051681
sp|P00925|ENO2_YEAST,0.5278292396926486,1.0,0.062426508498854165
sp|P38205|NCL1_YEAST,0.48964926131837627,1.0,0.14057603954914571
sp|P25296|CANB_YEAST,0.7822529608129907,1.0,0.13888623180904958
sp|P39929|SNF7_YEAST,0.8967018021505296,1.0,-0.13995738055476892
sp|P38625|GUAA_YEAST,0.6402542390239574,1.0,0.060997498069499105
sp|P07806|SYV_YEAST,0.28936060213095416,1.0,-0.06666919730364494
sp|P10659|METK1_YEAST,0.09365244701738962,1.0,-0.06534507378616539
sp|P41277|GPP1_YEAST,0.10722054854765369,1.0,-0.24583599358261665
sp|P38009|PUR92_YEAST,0.7678119682616409,1.0,0.07719077107715115
sp|P54839|HMCS_YEAST,0.6995607155508461,1.0,0.0003070876849040616
sp|P15891|ABP1_YEAST,0.4119964448998206,1.0,0.06292987665160564
sp|P32445|RIM1_YEAST,0.5803680745425666,1.0,-0.08378761574039828
sp|P40893|REE1_YEAST,0.547143400829385,1.0,-0.15810426756423013
sp|P49167|RL38_YEAST,0.6056245031699163,1.0,-0.21751402642299097
sp|P49626|RL4B_YEAST,0.2011979710765443,1.0,-0.04782711947976637
sp|P19414|ACON_YEAST,0.1529325560492892,1.0,-0.09011309698742014
P02788ups|TRFL_HUMAN_UPS,0.00018384366205245536,0.0423606197845665,3.6447109424501254
P02753ups|RETBP_HUMAN_UPS,2.2914222604723803e-05,0.007333077498362209,3.8351827301254966
sp|P38431|IF5_YEAST,0.7540853947233271,1.0,-0.05173363934226387
sp|Q01855|RS15_YEAST,0.8511420141530435,1.0,-0.09250433378441514
sp|P32563|VPH1_YEAST,0.7202293841474727,1.0,-0.3661541021745219
sp|P32861|UGPA1_YEAST,0.23596874383194222,1.0,0.15612545995068938
P99999ups|CYC_HUMAN_UPS,8.986000052442239e-06,0.0048364631052558865,4.036377872230423
sp|P33302|PDR5_YEAST,0.22231225848759945,1.0,0.07125417140894293
sp|P39078|TCPD_YEAST,0.45140146118675695,1.0,-0.2031335922350476
sp|Q06631|BFR2_YEAST,0.2469938332395452,1.0,0.4500089429264458
sp|P34241|URB1_YEAST,0.3818169095917968,1.0,0.2434568994935189
sp|P19454|CSK22_YEAST,0.9315239135230045,1.0,-0.17087881509794745
sp|P53295|RBG2_YEAST,0.26419233997629304,1.0,-0.0433552560281516
sp|P07560|SEC4_YEAST,0.8511094050940071,1.0,-0.39877296742501045
sp|P43555|EMP47_YEAST,0.7588013166942392,1.0,0.13895211578674527
P02144ups|MYG_HUMAN_UPS,1.0213899568520706e-05,0.004839701421379399,4.034843821828206
sp|Q12176|MAK21_YEAST,0.1896580986126594,1.0,-0.47920976907446367
sp|P23585|HXT2_YEAST,0.36544680048325523,1.0,0.22286458163961997
sp|P52553|PFD6_YEAST,0.30515897551612053,1.0,0.0078009402996279675
sp|P00330|ADH1_YEAST,0.7326816628815472,1.0,-0.4274069936663758
sp|P07278|KAPR_YEAST,0.9868412410176638,1.0,-0.8290584890805682
sp|P53731|ARPC2_YEAST,0.17907440895835025,1.0,0.2863873713070368
sp|P24276|SSD1_YEAST,0.19787009924331095,1.0,0.15936379006719648
sp|P00899|TRPE_YEAST,0.14302674053000358,1.0,0.08391684139646016
sp|P40531|GVP36_YEAST,0.8997930018642941,1.0,-0.1665521603251685
sp|Q06505|IWS1_YEAST,0.5366128929825167,1.0,-0.5221738176540325
sp|P40319|ELO3_YEAST,0.7527577765493962,1.0,-0.031237125286134315
sp|P15303|SEC23_YEAST,0.870382130297853,1.0,0.12563837695383842
sp|P38911|FKBP3_YEAST,0.17758559242876584,1.0,0.0591512191741157
sp|P40037|HMF1_YEAST,0.055418148683331,1.0,0.7878369009428603
sp|P32521|PAN1_YEAST,0.10246983611085193,1.0,0.4380296905190497
sp|P27614|CBPS_YEAST,0.26558325354112833,1.0,0.09079204967061767
sp|P14904|AMPL_YEAST,0.7226036402634701,1.0,-0.302535278207539
sp|Q03558|OYE2_YEAST,0.04307159272459746,1.0,0.1933393517232097
sp|P07703|RPAC1_YEAST,0.8432895873959911,1.0,-0.24179974585867203
sp|P35179|SC61G_YEAST,0.3654950574788059,1.0,-0.10867859582072015
sp|P38858|SOL3_YEAST,0.8122466443733688,1.0,-0.04458306751633619
sp|P29704|FDFT_YEAST,0.24949699572144424,1.0,-0.19604779200682523
sp|P39744|NOC2_YEAST,0.04774058949889386,1.0,0.5282733518872327
sp|P25586|KRR1_YEAST,0.20246308578004807,1.0,0.2637316211445266
sp|P23254|TKT1_YEAST,0.1708577984336472,1.0,0.03396272108711287
sp|P38631|FKS1_YEAST,0.18379972471039718,1.0,-0.05620628300888342
sp|P38715|GRE3_YEAST,0.281306140678252,1.0,0.15470404349502287
sp|P40991|NOP2_YEAST,0.02987799903211131,1.0,0.39415703069199814
sp|O14467|MBF1_YEAST,0.01800327675036817,1.0,0.2883136510763486
sp|P25087|ERG6_YEAST,0.13573530083737048,1.0,-0.1595411409227309
sp|P39743|RV167_YEAST,0.5936714238819638,1.0,-0.19269355229205173
sp|P38817|GGA2_YEAST,0.165646791358656,1.0,0.4216600042360348
sp|P09624|DLDH_YEAST,0.1136591142032151,1.0,0.23742552064453193
sp|P25375|PRTD_YEAST,0.0472850836027965,1.0,-0.0783672776545578
sp|P36018|YPT52_YEAST,0.10038343596997405,1.0,0.34838647536899003
sp|P38115|ARA1_YEAST,0.25075435602664187,1.0,-0.5470069623265639
sp|P48164|RS7B_YEAST,0.14312668738421938,1.0,0.03183214293138074
sp|P53860|PDR16_YEAST,0.03577751197270183,1.0,0.46612751610211767
sp|P18239|ADT2_YEAST,0.1406692967034215,1.0,-0.03656288071434588
sp|P26637|SYLC_YEAST,0.5725206324138563,1.0,0.05116960168591279
sp|P38791|DHYS_YEAST,0.9959777531024779,1.0,-0.43179087068151134
sp|Q06252|YL179_YEAST,0.880948929395987,1.0,0.04155238301405836
sp|Q03690|CLU_YEAST,0.7072543924119059,1.0,-0.06743168653573177
sp|P48837|NUP57_YEAST,0.8698117980807389,1.0,-0.7602137176489604
sp|P22943|HSP12_YEAST,0.29247309451430903,1.0,0.450247177693456
sp|Q01662|MAP1_YEAST,0.6296020782604871,1.0,-0.07625602315075249
sp|P40413|TCPE_YEAST,0.3910328708530678,1.0,0.02274361178556905
sp|P05694|METE_YEAST,0.4296479877311585,1.0,0.02981289389217798
sp|P20081|FKBP_YEAST,0.25647979457115394,1.0,-0.07655238913121423
sp|P21965|MCK1_YEAST,0.7965164978846675,1.0,0.05501200299540221
sp|P38286|MKAR_YEAST,0.1553089191195833,1.0,0.13308865428813613
sp|Q01080|RPA49_YEAST,0.03447516214947581,1.0,0.7222302439493813
sp|Q99383|HRP1_YEAST,0.3294848113689307,1.0,-0.5229906066379959
sp|P38986|ASPG1_YEAST,0.8674603663381545,1.0,-0.009908156694592218
sp|P29952|MPI_YEAST,0.7936975947189921,1.0,-0.05116681542094259
sp|P38077|ATPG_YEAST,0.013435797593182888,1.0,0.5356812354400455
sp|P53622|COPA_YEAST,0.4561317310010006,1.0,-0.07000656903127167
sp|P22768|ASSY_YEAST,0.007952334269905898,0.8328860527136995,0.7332861800077701
sp|P32454|APE2_YEAST,0.37654920221194804,1.0,-0.09940887839318097
sp|P38788|SSZ1_YEAST,0.6425830169077215,1.0,0.020426205752201554
sp|P39517|DHH1_YEAST,0.8554550462953929,1.0,-0.4201876295245728
sp|Q05359|ERP1_YEAST,0.08846104985607404,1.0,0.21550083997473024
sp|Q12285|MDY2_YEAST,0.4272921559806599,1.0,0.041412407261553597
sp|P47079|TCPQ_YEAST,0.5970827887194134,1.0,-0.10754171281807587
sp|P40462|TM108_YEAST,0.3849632925250896,1.0,-0.11757707070639078
sp|Q08208|NOP12_YEAST,0.5334461857275299,1.0,-0.07080847765995912
sp|P07260|IF4E_YEAST,0.6457036992251528,1.0,0.05272867788354014
sp|Q12466|TCB1_YEAST,0.604159745411434,1.0,-0.18036532147857987
sp|P40961|PHB1_YEAST,0.15086759167257321,1.0,0.3076574225804585
sp|P38333|ENP1_YEAST,0.4885588251359919,1.0,-0.5049168386639291
sp|P07213|TOM70_YEAST,0.6608967452996964,1.0,-0.03143832562135174
sp|P14907|NSP1_YEAST,0.3169349720155065,1.0,-0.2955376397197895
sp|P06780|RHO1_YEAST,0.09355190437287304,1.0,-0.041273716970573915
sp|P14540|ALF_YEAST,0.30107764513304813,1.0,0.09146809175672495
sp|P18759|SEC18_YEAST,0.9016721945877247,1.0,0.09653600500080861
sp|P32614|FRDS_YEAST,0.9536454350365656,1.0,-0.19089072705268534
sp|P53598|SUCA_YEAST,0.7103902777272926,1.0,-0.3941728095448435
sp|P38088|SYG_YEAST,0.07522434825035186,1.0,0.029074448238156646
sp|P53235|EIF2A_YEAST,0.7271791086638302,1.0,0.05056045875549975
sp|P47018|MTC1_YEAST,0.6644161955060921,1.0,-0.273918717289164
sp|P39079|TCPZ_YEAST,0.9678313541479933,1.0,-0.06946556366947654
sp|P50094|IMDH4_YEAST,0.45622535448497936,1.0,0.130874974967238
sp|Q06489|MTNA_YEAST,0.26003645776109663,1.0,0.013659836217133403
sp|P10591|HSP71_YEAST,0.5699835603008767,1.0,-0.06449368415700067
sp|P26784|RL16A_YEAST,0.6605339430502863,1.0,-0.3341420658611313
sp|Q08985|SAM4_YEAST,0.998787752383688,1.0,-0.7441528843589218
sp|Q08193|GAS5_YEAST,0.08486060919280392,1.0,0.5617756377908103
sp|P19524|MYO2_YEAST,0.3223338705709441,1.0,0.22734514685825644
sp|P46969|RPE_YEAST,0.7420814423563108,1.0,0.10775540834492858
P00915ups|CAH1_HUMAN_UPS,0.004851637379529705,0.6210541550854609,2.3729741259338653
sp|P41807|VATH_YEAST,0.5441897835539655,1.0,0.13564503442165687
sp|Q03103|ERO1_YEAST,0.15253950338473435,1.0,0.270521085624134
sp|P29509|TRXB1_YEAST,0.9005378333398735,1.0,-0.002667295169092654
sp|P40581|GPX3_YEAST,0.9967226981846197,1.0,-0.7652648919684975
sp|P41811|COPB2_YEAST,0.151694704226946,1.0,0.26570630575466714
sp|P05319|RLA2_YEAST,0.011590393984846075,1.0,1.5810356339623315
sp|P35719|MRP8_YEAST,0.46447292021870834,1.0,0.1395868100982908
sp|P00937|TRPG_YEAST,0.8912415584712428,1.0,0.06348292154293311
sp|P01123|YPT1_YEAST,0.039338961815379145,1.0,0.23144592345694334
sp|P32457|CDC3_YEAST,0.5551821931653762,1.0,-0.16803984489618884
sp|Q08220|GSHB_YEAST,0.5756659865005835,1.0,-0.3167449220505585
sp|Q03640|TCB3_YEAST,0.7854969186766034,1.0,-0.04430567384337181
sp|P32473|ODPB_YEAST,0.09047550236977524,1.0,0.3821128998248284
sp|P34760|TSA1_YEAST,0.025995291463826415,1.0,0.2475373355195032
sp|P33775|PMT1_YEAST,0.04577685074271659,1.0,0.6105955831033163
sp|P38968|SEC31_YEAST,0.29811761089578276,1.0,0.24918085748065905
sp|Q00055|GPD1_YEAST,0.4106236307685491,1.0,0.04829152362987266
sp|P00812|ARGI_YEAST,0.6768224217753266,1.0,-0.00582431181698162
sp|P25342|CDC10_YEAST,0.4730553028977377,1.0,-1.8881246372615124e-05
sp|Q04493|PFD5_YEAST,0.4736010046517122,1.0,-0.37909269848047344
sp|P32337|IMB3_YEAST,0.8678015921946254,1.0,-0.5615051836851871
sp|Q03835|GLRX3_YEAST,0.6247821807267748,1.0,-0.04901238933034868
P05413ups|FABPH_HUMAN_UPS,1.5196710971497841e-05,0.005574478191543741,3.8357857907202293
sp|Q12746|PGA3_YEAST,0.6261007954254403,1.0,-0.04028482915868725
P00167ups|CYB5_HUMAN_UPS,0.0009410452766933159,0.15908361259653914,5.0334476574124185
sp|P25379|STDH_YEAST,0.05087615822760456,1.0,0.5315353354526682
sp|P32381|ARP2_YEAST,0.0345997374595413,1.0,1.0714363643858835
sp|Q12159|YRA1_YEAST,0.3572271577513421,1.0,-0.016725103891354922
sp|P17967|PDI_YEAST,0.688658793995423,1.0,-0.06553064624719199
sp|P38934|BFR1_YEAST,0.00547363734584871,0.6610399201792058,0.49164022508903926
sp|P15180|SYKC_YEAST,0.09067716015965979,1.0,0.010108206574646061
sp|P38075|PDX3_YEAST,0.9440358854608419,1.0,-0.0010665312640642337
sp|P39958|GDI1_YEAST,0.1093019455027749,1.0,0.49544162475834685
sp|P38221|CDS1_YEAST,0.6243115174413019,1.0,-1.0391453435994311
sp|P23248|RS3A2_YEAST,0.539130371109768,1.0,-0.08336549347333815
sp|P53131|PRP43_YEAST,0.2967625511027736,1.0,-0.048498174201705116
sp|Q03161|YMY9_YEAST,0.2532279152675364,1.0,0.03576223755176713
sp|P32568|SNQ2_YEAST,0.2912908939585387,1.0,0.10026547146544947
sp|Q12449|AHA1_YEAST,0.21429863881452502,1.0,-0.3956727690741258
sp|P40517|YRB2_YEAST,0.27196246587137174,1.0,-0.12103492806937233
sp|P10081|IF4A_YEAST,0.3289163488400445,1.0,0.07979873696760939
sp|P25605|ILV6_YEAST,0.8499497698866113,1.0,-0.012206922202841733
sp|P39990|SNU13_YEAST,0.9054098676802915,1.0,0.09422060921480006
sp|P53090|ARO8_YEAST,0.4414368624488931,1.0,0.033129018474223344
sp|Q02931|UTP17_YEAST,0.19794328625144433,1.0,-0.030772215846446828
sp|P05626|ATPF_YEAST,0.27897832268129963,1.0,-0.026827669957357376
sp|P25293|NAP1_YEAST,0.03301669159035683,1.0,0.6557392413541141
sp|P04807|HXKB_YEAST,0.6456464064999805,1.0,0.2470136497282122
sp|P12754|EI2BD_YEAST,0.6695341978901755,1.0,-1.2181864086601966
sp|P09733|TBA1_YEAST,0.32717397068234577,1.0,0.08637765093061962
sp|P53615|CAN_YEAST,0.6092894832120135,1.0,-0.21121919146718504
sp|P28272|PYRD_YEAST,0.5324405260309539,1.0,-0.021365600752295322
sp|P28834|IDH1_YEAST,0.5621767688425977,1.0,0.06886135156338165
sp|P38626|NCB5R_YEAST,0.3209838001077671,1.0,-0.022332276983620503
sp|P13663|DHAS_YEAST,0.44501277879504225,1.0,0.0899784983297176
P08758ups|ANXA5_HUMAN_UPS,0.00020335721270183988,0.04249292520636159,3.1834766789538627
sp|P00958|SYMC_YEAST,0.03737695884080143,1.0,0.21522632700762784
sp|P28707|SBA1_YEAST,0.24261966736613083,1.0,0.46674567895230545
sp|P51601|GCH1_YEAST,0.018455215121685693,1.0,0.933068314206317
sp|P40327|PRS4_YEAST,0.3669011710466121,1.0,-0.01655563024843154
sp|Q03655|GAS3_YEAST,0.35556090539546664,1.0,-0.09189978640645198
sp|P07262|DHE4_YEAST,0.012257481120072933,1.0,0.060879012070437
sp|P28777|AROC_YEAST,0.8924949801560962,1.0,-0.2877356758278209
sp|P23638|PSA3_YEAST,0.2452731802985334,1.0,0.25896093227661465
sp|P12695|ODP2_YEAST,0.3004664580574223,1.0,0.044275831027741276
sp|P54885|PROA_YEAST,0.04862954555837843,1.0,0.06810375806363693
sp|P07342|ILVB_YEAST,0.1468618490665925,1.0,-0.36416184954342745
P00918ups|CAH2_HUMAN_UPS,8.416353620477256e-06,0.0048364631052558865,4.078045267662465
sp|Q01477|UBP3_YEAST,0.9922224884733003,1.0,-0.7301311645155154
sp|P25367|RNQ1_YEAST,0.15617835350632597,1.0,0.6138523801505826
sp|P23542|AATC_YEAST,0.4287438932421751,1.0,0.0508911723514025
sp|P47143|ADK_YEAST,0.38106817441550644,1.0,0.025086581285876264
sp|P39007|STT3_YEAST,0.7118957914303695,1.0,-0.13391842611975502
sp|P32565|RPN2_YEAST,0.5773965458135445,1.0,-0.09570760322210663
sp|P32466|HXT3_YEAST,0.9902575268348551,1.0,-1.8114894892862043
sp|P16603|NCPR_YEAST,0.6540624556203904,1.0,-0.03683737537694363
sp|P33299|PRS7_YEAST,0.6776790948684429,1.0,0.11644993046620566
REV__sp|P33892|GCN1_YEAST,0.0004344983557775672,0.08073839198142076,1.7972654404948667
sp|P38624|PSB1_YEAST,0.2801547643581197,1.0,0.25019377289080325
sp|P49573|CTR1_YEAST,0.4335403745010019,1.0,0.3463217382557365
P51965ups|UB2E1_HUMAN_UPS,9.235638217676511e-06,0.0048364631052558865,3.8402514473006732
sp|P12945|NAT1_YEAST,0.4859627953160659,1.0,0.169810550918627
sp|P40093|YEY6_YEAST,0.9446833645448204,1.0,0.1548006774141927
sp|Q12265|KPR5_YEAST,0.15052003399046027,1.0,-0.09808021890463081
sp|P30822|XPO1_YEAST,0.7997550895517315,1.0,-0.6147081851359366
sp|P17076|RL8A_YEAST,0.9984498368477648,1.0,-0.7345713697896485
sp|Q06218|DBP9_YEAST,0.5712008470773295,1.0,-0.26934737510428874
sp|P14843|AROF_YEAST,0.02643911369958432,1.0,0.8472365684402554
sp|P33204|ARPC4_YEAST,0.9584943087227635,1.0,0.03588189775704009
sp|P10869|AK_YEAST,0.45634312369151797,1.0,0.24755198630836173
sp|Q04869|YM94_YEAST,0.8472180667803125,1.0,0.0934971324927023
P01008ups|ANT3_HUMAN_UPS,0.0018468149694819867,0.2727799410193852,2.676642374413049
P63279ups|UBC9_HUMAN_UPS,0.00020654800669836737,0.04249292520636159,4.391233216203716
sp|P07256|QCR1_YEAST,0.9070646401389061,1.0,0.11862777628933241
sp|P40970|LCB2_YEAST,0.11390716305721406,1.0,0.6572306600027904
sp|P49435|APT1_YEAST,0.17294723201695494,1.0,0.2745060091904228
sp|P39940|RSP5_YEAST,0.0639820269166442,1.0,0.531605862275482
sp|P47122|GPN1_YEAST,0.18018895159422557,1.0,0.4138183532313455
sp|P32915|SC61A_YEAST,0.47089731382992017,1.0,-0.6541021446956057
sp|Q04371|ARMT1_YEAST,0.012387563800803594,1.0,0.8735636059865328
sp|Q06406|LSM6_YEAST,0.5074565222629845,1.0,0.030819748069054853
sp|P31412|VATC_YEAST,0.12717705192165307,1.0,0.30194130059811225
sp|P53252|PIL1_YEAST,0.7187894374902597,1.0,-0.3376693646572555
sp|P40047|ALDH5_YEAST,0.49120325278598553,1.0,0.2820673276299916
sp|P10080|SSBP1_YEAST,0.10790305203631465,1.0,0.3720345918440106
sp|P33201|MRT4_YEAST,0.03555426855989867,1.0,0.10418069576241606
sp|P41819|DIM1_YEAST,0.506758761755679,1.0,-0.07062426887639124
sp|P16550|APA1_YEAST,0.6524197887558063,1.0,0.03786610742353034
sp|Q12377|RPN6_YEAST,0.1256275914976016,1.0,0.0899949172397605
sp|Q08641|AB140_YEAST,0.02214381129599936,1.0,0.17792647465101652
sp|P53184|PNC1_YEAST,0.6938371026832859,1.0,0.05237050703662405
sp|P07273|TFS2_YEAST,0.5545899646723504,1.0,-0.21266556034306028
sp|P40303|PSA4_YEAST,0.13558134511423783,1.0,0.3709662865412833
sp|P00359|G3P3_YEAST,0.19612044291868616,1.0,-0.031750632836916814
sp|P49090|ASNS2_YEAST,0.11021167949905408,1.0,-0.09482411915552813
sp|P12385|ERF1_YEAST,0.08320605219407126,1.0,0.4459534281214954
sp|P43616|DUG1_YEAST,0.8292949090886208,1.0,0.022387660831873823
sp|P53852|SYC_YEAST,0.361295626433242,1.0,0.11417104065019264
sp|P28319|CWP1_YEAST,0.6286482236264672,1.0,0.3290550029566779
sp|P32495|NHP2_YEAST,0.43510978048260684,1.0,-0.045321983771194375
sp|P50095|IMDH3_YEAST,0.8107405801049673,1.0,0.06909999901906616
sp|P48836|VATG_YEAST,0.28992101956944055,1.0,0.09083136318720193
sp|P32939|YPT7_YEAST,0.6372337764639566,1.0,0.012804761617098315
sp|P32558|SPT16_YEAST,0.3083067448441784,1.0,0.12432704980151747
sp|P14743|NMT_YEAST,0.05199922199873627,1.0,0.3289116864960864
sp|P34227|PRX1_YEAST,0.8800196572661554,1.0,0.010701220429721067
sp|P38197|PLPHP_YEAST,0.5868446464671224,1.0,0.14977728990167094
sp|Q04439|MYO5_YEAST,0.1789015831010535,1.0,0.5106461659253236
sp|P07347|ARD1_YEAST,0.8348368513152603,1.0,0.09849338678455943
sp|Q02326|RL6A_YEAST,0.7851176362603124,1.0,-0.4836544725365884
sp|P30656|PSB5_YEAST,0.0039170489337372535,0.512814117524739,0.7707552734082275
sp|P02309|H4_YEAST,0.914007401310806,1.0,-0.09560691304059166
sp|Q05016|YM71_YEAST,0.13424858115141705,1.0,0.08501636465040481
sp|P38264|PHO88_YEAST,0.981301569977486,1.0,-0.17595603788753303
sp|P06101|CDC37_YEAST,0.02710926522022746,1.0,0.7575159487602079
sp|Q12109|SYWC_YEAST,0.9739725221858457,1.0,-0.4856649171814933
sp|P53081|NIF3_YEAST,0.48022605277692276,1.0,-0.32527379446098514
sp|P47176|BCA2_YEAST,0.5284060837242847,1.0,-0.039639983428422454
sp|P02557|TBB_YEAST,0.10937668044673328,1.0,0.13594350219069318
sp|P50861|RIB4_YEAST,0.4725924800258756,1.0,-0.16848543199043675
sp|Q04344|HNT1_YEAST,0.17358676267222536,1.0,0.16146113881598487
sp|P43582|WWM1_YEAST,0.00026626688140513044,0.051126910398134606,2.5749048077026
sp|P11412|G6PD_YEAST,0.37987516307039737,1.0,-0.5350025765026922
sp|P09064|IF2B_YEAST,0.0011138876854282663,0.1782348208494948,0.4514324821810165
sp|P39986|ATC6_YEAST,0.42488590028229406,1.0,0.1798012991845006
sp|P38910|CH10_YEAST,0.10325661679477825,1.0,0.35774443746057916
sp|P20606|SAR1_YEAST,0.8298082770182852,1.0,-0.03100434278820874
sp|Q3E772|LSO2_YEAST,0.015280119716525304,1.0,0.7184038493808025
sp|P14742|GFA1_YEAST,0.9042658096165962,1.0,-0.28132128724836125
sp|P17891|CLC1_YEAST,0.28803590481997066,1.0,-0.11719530924183097
sp|P25491|MAS5_YEAST,0.8247939265394603,1.0,-0.41933242704818713
sp|P34730|BMH2_YEAST,0.27079444563902466,1.0,-0.03137670669783432
sp|P02406|RL28_YEAST,0.5104821938938566,1.0,0.053553040674025
sp|P15703|BGL2_YEAST,0.4744704120093344,1.0,-0.06267756982982498
sp|P47154|STE24_YEAST,0.1190812935127553,1.0,0.34079725683846834
sp|P15565|TRM1_YEAST,0.17367995921484566,1.0,-0.5687113225625051
sp|P41057|RS29A_YEAST,0.7223316508713062,1.0,-0.031186632902584204
sp|P46672|ARC1_YEAST,0.8479138474766743,1.0,-0.1414329814469958
sp|P40215|NDH1_YEAST,0.0018178567191625,0.2727799410193852,0.22391792298678403
sp|P32368|SAC1_YEAST,0.2058693589889649,1.0,-0.026216256205598087
sp|P35723|YET1_YEAST,0.9882688493150992,1.0,-0.8022697977556756
sp|P53691|PPID_YEAST,0.8537193358392557,1.0,-0.1353616590177964
sp|P36114|YKR18_YEAST,0.03190961855811672,1.0,0.556048326531295
sp|P42945|UTP10_YEAST,0.8951871142416781,1.0,-0.5585571820897255
sp|Q12117|MRH1_YEAST,0.7961713154525836,1.0,-1.1878894048294104
sp|P25373|GLRX1_YEAST,0.975871023640644,1.0,-0.1548172358236961
sp|P22217|TRX1_YEAST,0.585903719801041,1.0,0.06408047267717176
sp|P39109|YCFI_YEAST,0.8623757460562114,1.0,-0.5006059027724925
sp|Q06205|FKBP4_YEAST,0.5961617212794972,1.0,-0.03363550958901603
sp|P43535|GCN20_YEAST,0.9910611846284937,1.0,-1.1410430083115717
CON__P00761,0.44326407330523787,1.0,0.23897724636909246
sp|P01119|RAS1_YEAST,0.022289576740688037,1.0,0.9385549275862148
sp|P38764|RPN1_YEAST,0.976024339959373,1.0,-0.5548691656074555
sp|P13298|PYRE_YEAST,0.2985307847754828,1.0,0.01651756541126126
sp|Q04636|POB3_YEAST,0.5263467425579673,1.0,0.08882840397009595
P55957ups|BID_HUMAN_UPS,8.592842600038484e-05,0.02062430236155614,3.6693585446695773
sp|P38013|AHP1_YEAST,0.9227095426446218,1.0,0.010296891587795306
sp|Q03862|ARX1_YEAST,0.48301108021443784,1.0,-0.017394093861513582
sp|P07257|QCR2_YEAST,0.6949821337069146,1.0,0.10645978434119119
sp|P38707|SYNC_YEAST,0.32137396926269046,1.0,0.019319152886123032
sp|P39076|TCPB_YEAST,0.6690189969200311,1.0,0.09806684548237794
sp|P31787|ACBP_YEAST,0.48928900586216606,1.0,-2.2624174761799436
sp|P16451|ODPX_YEAST,0.828695843815965,1.0,-0.5603995506178032
sp|P40185|MMF1_YEAST,0.5810581622440837,1.0,0.08799932498420944
sp|P19073|CDC42_YEAST,0.6814651564584411,1.0,-1.453763220175479
sp|P17555|CAP_YEAST,0.06178862553633227,1.0,0.5629007576785104
sp|P54113|PUR91_YEAST,0.14880499612235173,1.0,-0.1886530297250862
sp|P25343|RV161_YEAST,0.20781361058007106,1.0,0.3119237787231442
sp|P25719|CYPC_YEAST,0.4557634872899663,1.0,0.067203573241148
sp|Q86ZR7|YKD3A_YEAST,0.022562033928807596,1.0,0.6558289870362088
sp|P25340|ERG4_YEAST,0.01189805220419824,1.0,0.2988236970891152
sp|Q3E764|TMA7_YEAST,0.643515892855616,1.0,-0.2204966696867512
sp|P39727|ERV46_YEAST,0.40930511384598844,1.0,-0.10320608958959099
sp|P23639|PSA2_YEAST,0.7868214532506932,1.0,-0.003578311577643234
sp|P32895|KPR1_YEAST,0.18798969470905497,1.0,-0.17905604995104993
sp|P17709|HXKG_YEAST,0.5254744095987764,1.0,0.036076851686573264
sp|P33767|OSTB_YEAST,0.9317970907976596,1.0,0.1375462897521101
sp|P21243|PSA1_YEAST,0.7196036117437064,1.0,0.013627002833908363
sp|P37302|APE3_YEAST,0.18738380437849417,1.0,-0.08634209658989296
sp|Q99257|MEX67_YEAST,0.38580597907987146,1.0,0.06981959572468632
sp|P00942|TPIS_YEAST,0.9552591311354371,1.0,-0.3126149321755687
sp|P38523|GRPE_YEAST,0.8666653010983176,1.0,-0.06331853825450828
sp|P53303|ZPR1_YEAST,0.7145748874023274,1.0,0.13010691328007398
sp|P35691|TCTP_YEAST,0.07971954193409342,1.0,0.03497002350398439
sp|P28495|CAPZA_YEAST,0.5046880392710824,1.0,-0.7608950009811597
sp|P15873|PCNA_YEAST,0.31320085508847795,1.0,-0.7214190906461289
sp|Q04013|YHM2_YEAST,0.9266975608540533,1.0,0.042640656208662975
sp|P32621|GDA1_YEAST,0.9439958591503986,1.0,0.19383076963890344
sp|Q04305|UTP15_YEAST,0.13170593630805197,1.0,0.5078703516500251
sp|P33297|PRS6A_YEAST,0.024266324688781593,1.0,-0.02658617848708733
sp|P10664|RL4A_YEAST,0.6918234871554327,1.0,-0.07537181858322839
sp|Q12480|ETFA_YEAST,0.16263898712636185,1.0,-0.10233108467065133
sp|Q12532|RQC2_YEAST,0.07164782194596447,1.0,0.03183998281839884
sp|P07991|OAT_YEAST,0.003342780783723132,0.4584714100919074,0.30704670760106295
sp|P53299|TIM13_YEAST,0.6362615653237469,1.0,0.32154445766539475
sp|P46989|ATG27_YEAST,0.9347511075226425,1.0,-0.6892879899955311
sp|Q04491|SEC13_YEAST,0.08100365358406521,1.0,0.07244026558395822
sp|P33734|HIS5_YEAST,0.2463049722448617,1.0,0.2200249503028727
sp|Q12136|SAS10_YEAST,0.19720152311629355,1.0,-0.8508060680150429
sp|Q01939|PRS8_YEAST,0.04649154737915578,1.0,0.3404051861875548
sp|P09457|ATPO_YEAST,0.9920730916000208,1.0,-0.4834761079930594
sp|P32911|SUI1_YEAST,0.2331224487570641,1.0,0.3159363502216248
sp|P38861|NMD3_YEAST,0.03445745766849889,1.0,0.8336998770776098
sp|P49687|NU145_YEAST,0.13978079189462764,1.0,-0.08550267558897584
sp|Q07953|SDO1_YEAST,0.09227918962550662,1.0,0.6271593406223754
sp|Q12335|PST2_YEAST,0.19120655878612733,1.0,-0.4715659633687004
sp|P32588|PUB1_YEAST,0.025582849083777826,1.0,0.6261071927770357
sp|P20424|SRP54_YEAST,0.9192336878411653,1.0,-1.1012825297221571
sp|Q12122|HOSM_YEAST,0.5723846834862187,1.0,-0.059461458589947114
sp|P53163|MNP1_YEAST,0.19206279720138716,1.0,0.45434608740306626
sp|P35189|TAF14_YEAST,0.8555584700541912,1.0,-0.09056293954603944
sp|P48606|TBCA_YEAST,0.21828618901793032,1.0,-0.039478534923855335
sp|P40075|SCS2_YEAST,0.33651591363912436,1.0,-0.03795920235216954
sp|O14455|RL36B_YEAST,0.05981549377640671,1.0,-0.09889260516060716
sp|Q02821|IMA1_YEAST,0.5893262572080707,1.0,-0.8215329090024421
sp|P39985|DPO5_YEAST,0.8604271766731282,1.0,-0.6105530771431417
sp|Q12306|SMT3_YEAST,0.5027295739015626,1.0,0.16760014638694187
sp|Q12211|PUS1_YEAST,0.77912609798525,1.0,0.1262524700889669
sp|P53337|ERV29_YEAST,0.77394254937215,1.0,-0.8041648177837525
sp|P43588|RPN11_YEAST,0.9648626638561995,1.0,-1.0441672901382315
sp|P80210|PURA_YEAST,0.2368128982412258,1.0,-0.44982244904718166
sp|Q06103|RPN7_YEAST,0.6438579957187897,1.0,-0.03960728244736415
sp|Q12680|GLT1_YEAST,0.8532420617468144,1.0,-0.07885949192242059
sp|P00358|G3P2_YEAST,0.7835289539935681,1.0,-0.4399746787977197
sp|P20447|DBP3_YEAST,0.0780757065821699,1.0,0.8492227616500232
sp|Q12114|CHS5_YEAST,0.5242951615455076,1.0,0.29152818172455053
sp|P21264|PUR6_YEAST,0.08692377654214758,1.0,0.5425493974063089
sp|P15992|HSP26_YEAST,0.7739274569823413,1.0,0.026906929921176232
sp|Q12154|GET3_YEAST,0.35438541991683,1.0,-0.03547565227992422
P00709ups|LALBA_HUMAN_UPS,1.548355037261597e-05,0.005574478191543741,3.3227217854416153
sp|P15496|IDI1_YEAST,0.9982302127352146,1.0,-0.7760363478867127
sp|Q05775|EIF3J_YEAST,0.8965822671937964,1.0,0.12268768594475195
sp|P09938|RIR2_YEAST,0.6831049854423441,1.0,-0.4708946648186
sp|Q05050|EIS1_YEAST,0.10034620182939193,1.0,0.8468133427283755
sp|Q04225|RRB1_YEAST,0.5103086803769374,1.0,-0.20116217040109685
sp|Q6Q547|NOP10_YEAST,0.1924183451653937,1.0,0.06463559903183302
sp|P25297|PHO84_YEAST,0.6482614492226777,1.0,-0.02227735620735949
sp|Q03048|COFI_YEAST,0.6876188192359127,1.0,-0.01737983944614019
sp|P53549|PRS10_YEAST,0.9201316967044284,1.0,-0.47458323108969225
sp|P32486|KRE6_YEAST,0.12199389252286416,1.0,0.5472130307421234
sp|P05759|RS31_YEAST,0.9280942214093822,1.0,0.016177863004344317
sp|P38130|KTR3_YEAST,0.156400592517469,1.0,-0.47878739130522935
sp|P54783|ALO_YEAST,0.9818327764087811,1.0,-1.3187356258726215
sp|P19881|PNPP_YEAST,0.360880321469586,1.0,-0.018853306354357002
sp|Q05933|ARPC3_YEAST,0.43137979925640546,1.0,0.07509275781262836
sp|P00890|CISY1_YEAST,0.8006080999751622,1.0,0.20183195425286313
P01344ups|IGF2_HUMAN_UPS,1.3421910588276544e-05,0.005522553830180498,4.846827413340222
sp|P61830|H3_YEAST,0.9127405394229254,1.0,0.0864393681923481
sp|P38687|SRP68_YEAST,0.9159462279950373,1.0,-0.38992893682098995
sp|P28000|RPAC2_YEAST,0.46582430107104644,1.0,-0.0006454576622303421
sp|P38891|BCA1_YEAST,0.5524511184437991,1.0,0.04625973015273601
sp|P49166|RL37A_YEAST,0.5414585956504938,1.0,-0.20035768906213036
sp|P02400|RLA4_YEAST,0.14211961476341012,1.0,0.03039443891437532
sp|P40414|TPM2_YEAST,0.7271824415401561,1.0,-0.0837163948465592
sp|Q96VH5|MIC10_YEAST,0.9647865382430042,1.0,-0.7040240155170867
sp|P11938|RAP1_YEAST,0.9982124992230798,1.0,-0.9879999580891745
sp|P40693|RLP7_YEAST,0.49372310771204586,1.0,-0.17401013834426138
sp|P32771|FADH_YEAST,0.9568067711764594,1.0,-0.3189668706478104
sp|P15700|KCY_YEAST,0.005508270667161938,0.6610399201792058,1.339116970663687
sp|P53633|PRA1_YEAST,0.8922579210486403,1.0,0.11858818728787313
sp|P37263|YC16_YEAST,0.9710307961616064,1.0,-0.1268967674246125
sp|Q08687|TMA16_YEAST,0.8810225979581222,1.0,-0.4657873665707086
sp|P38689|KPR3_YEAST,0.8159142007591419,1.0,-0.29270747027624155
sp|P38116|ARL1_YEAST,0.5725992513568068,1.0,0.032743937030321746
sp|P41058|RS29B_YEAST,0.15692340642424935,1.0,-0.10775576282115058
sp|P07267|CARP_YEAST,0.39848795934034625,1.0,-0.27160363174492286
P63165ups|SUMO1_HUMAN_UPS,6.107309278419385e-05,0.015295924440317585,3.1323058196855187
sp|P32623|CRH2_YEAST,0.7603292851760515,1.0,-0.5017068443077312
sp|Q04660|ERB1_YEAST,0.8749410038396899,1.0,0.0870577832586914
sp|P04449|RL24A_YEAST,0.7042735022716637,1.0,-0.1604704181972867
sp|P04046|PUR1_YEAST,0.4295109622037389,1.0,-0.05385830856243921
sp|P47001|CIS3_YEAST,0.922913845104824,1.0,-1.7473211870559906
sp|P46683|YAR1_YEAST,0.9947128959258423,1.0,-0.4863133054220734
sp|P05745|RL36A_YEAST,0.022701807588507456,1.0,-0.01881660623923409
sp|P89886|TMA20_YEAST,0.9438677556497396,1.0,-1.0042012657392245
P61769ups|B2MG_HUMAN_UPS,0.0004971003761874138,0.08948448964798862,3.772787358642873
sp|P40016|RPN3_YEAST,0.04371468321538012,1.0,1.2318395601110133
sp|P27810|KTR1_YEAST,0.8589844330720695,1.0,-0.0965993855462397
sp|P05748|RL15A_YEAST,0.25345777758023824,1.0,0.03456955271772699
sp|P40040|THO1_YEAST,0.080589241123109,1.0,0.13880548609530496
sp|P32602|SEC17_YEAST,0.03723981052571908,1.0,0.2146018494786528
sp|P27616|PUR7_YEAST,0.06735067556994849,1.0,0.7054003490581038
sp|P09232|PRTB_YEAST,0.30506260577765254,1.0,-0.28330368030497777
sp|P38623|RCK2_YEAST,0.9099849887189916,1.0,-0.10582141204251361
sp|P54837|TMEDA_YEAST,0.9486453543616871,1.0,-0.5089225114633873
sp|O13547|CCW14_YEAST,0.1536566103416975,1.0,0.5041187149407467
sp|P46985|MNN11_YEAST,0.10501582813696461,1.0,0.3605914503528309
sp|P40509|COPE_YEAST,0.27347396365026655,1.0,0.2319027977771917
sp|P38795|NADE_YEAST,0.08689666687536188,1.0,0.4258669895588225
P09211ups|GSTP1_HUMAN_UPS,0.00022796997457945616,0.04528280333243452,4.3181038508617355
sp|Q12024|YTM1_YEAST,0.7712449717210959,1.0,-0.5206978532085937
sp|P47119|ITPA_YEAST,0.8528174603585765,1.0,-1.156945380160141
sp|P41920|YRB1_YEAST,0.4490814682368176,1.0,-0.009790241651292497
sp|Q06287|NEP1_YEAST,0.8238608801844554,1.0,-0.4148483757194672
sp|P34078|LTV1_YEAST,0.39583218047922075,1.0,0.2680301506036358
sp|Q12029|FSF1_YEAST,0.20204103178237467,1.0,0.44897689652260464
sp|P35732|DEF1_YEAST,0.2672305616681782,1.0,0.21636881506891736
sp|Q01852|TIM44_YEAST,0.008501570614446632,0.8745100231924383,0.943776046747943
sp|P21304|PWP1_YEAST,0.007341252129589229,0.7978990028100815,0.1604207133785902
sp|P33401|PGM1_YEAST,0.27167739041109085,1.0,-0.10789162513921902
sp|P35197|GCS1_YEAST,0.9551083364143852,1.0,0.13250419698320073
sp|Q08179|MDM38_YEAST,0.22467619548402423,1.0,-0.3022352208628929
sp|P43593|UBP6_YEAST,0.3773891477628246,1.0,0.3144635447318933
sp|Q12754|RRP12_YEAST,0.11501928365765716,1.0,-0.176713056261395
sp|P43585|VTC2_YEAST,0.9799018506138133,1.0,-0.6075504129480516
sp|Q07541|YD121_YEAST,0.20254190613771833,1.0,0.10650168323195075
sp|P32468|CDC12_YEAST,0.6301675277190009,1.0,-0.40495228549035645
sp|P17423|KHSE_YEAST,0.7917783542755306,1.0,-0.6796188219678441
sp|Q12499|NOP58_YEAST,0.24268797917386545,1.0,-0.17351311689730275
sp|Q12522|IF6_YEAST,0.14201420067304707,1.0,-0.04821130273183449
sp|P21827|RCC1_YEAST,0.058586844529895946,1.0,0.514276903352263
sp|P06786|TOP2_YEAST,0.10592986361504297,1.0,0.3711094795622083
sp|P38328|ARPC1_YEAST,0.2644548733519107,1.0,0.257878987334621
sp|O13563|RPN13_YEAST,0.6572052552833286,1.0,-0.0058737984020247325
sp|P34087|RPB7_YEAST,0.22809910612307474,1.0,-0.5099120122353371
sp|P18899|DDR48_YEAST,0.7832437074701591,1.0,-0.30549986292873815
sp|P42846|KRI1_YEAST,0.10147040808140999,1.0,0.4121328612198975
sp|P27809|KRE2_YEAST,0.37665325632144336,1.0,0.5173004545513452
sp|P53903|PGA2_YEAST,0.6720484376025933,1.0,-0.09686860141820652
sp|P38353|SSH1_YEAST,0.8204351603635147,1.0,0.12449003523044588
sp|Q08235|BRX1_YEAST,0.4014104466293352,1.0,0.16112686513342744
sp|P53723|YN8B_YEAST,0.38756803108918103,1.0,-0.1349559166504175
sp|P40032|TPA1_YEAST,0.353928047791942,1.0,0.08774592971310113
sp|P38886|RPN10_YEAST,0.9644666831882238,1.0,-1.0749809201745775
sp|Q07623|NOP6_YEAST,0.0207706740042372,1.0,1.1150515492202864
sp|P57744|TIM8_YEAST,0.7085721908563023,1.0,-0.8991050210709153
sp|P53011|SEH1_YEAST,0.4838348022887856,1.0,0.012706556930567103
sp|P17695|GLRX2_YEAST,0.7487322224583252,1.0,0.12509919756899457
sp|P47117|ARP3_YEAST,0.8366294073701037,1.0,0.1108416741033172
sp|Q03774|TRM82_YEAST,0.5126107725333767,1.0,-0.6693837290584623
sp|P38627|URA8_YEAST,0.24905538190336962,1.0,0.15551075022572292
sp|P26754|RFA2_YEAST,0.3816105738557053,1.0,-0.567151264967463
sp|Q02486|ABF2_YEAST,0.7921071013559152,1.0,-0.8562139636182735
sp|P42838|LEM3_YEAST,0.17318004407416082,1.0,0.2381257303915092
sp|Q12018|CDC53_YEAST,0.020973738953000996,1.0,0.9793533905255076
sp|P24000|RL24B_YEAST,0.9019161318965931,1.0,-0.09843052412951714
sp|Q08686|THTR_YEAST,0.33374080415391133,1.0,-0.3142206253473514
sp|Q99216|PNO1_YEAST,0.9972351331891649,1.0,-1.6093164567194274
sp|P53312|SUCB_YEAST,0.6156139851898716,1.0,-0.01590032782823414
sp|P53332|COAD_YEAST,0.40833906438620815,1.0,-0.1422864992568904
